bus_id,route_id,departure_hour,weather,traffic_level,travel_duration
1,1,13,clear,high,45
1,1,7,cloudy,high,53
1,1,12,clear,high,49
2,2,19,cloudy,moderate,49
1,1,18,clear,moderate,35
2,2,9,cloudy,moderate,51
2,2,8,cloudy,high,60
1,1,9,rainy,low,46
2,2,12,cloudy,moderate,48
1,1,13,cloudy,high,55
2,2,7,rainy,high,67
1,1,16,rainy,moderate,45
2,2,10,rainy,high,63
2,2,17,cloudy,high,63
2,2,9,clear,low,45
1,1,20,cloudy,moderate,42
1,1,14,cloudy,high,55
2,2,14,rainy,low,51
1,1,11,cloudy,moderate,40
2,2,15,rainy,low,47
1,1,21,cloudy,low,38
1,1,11,clear,high,51
2,2,15,clear,high,55
2,2,13,rainy,high,61
1,1,6,cloudy,high,52
1,1,16,clear,low,32
1,1,10,rainy,high,59
2,2,19,rainy,low,45
2,2,9,rainy,high,67
2,2,12,clear,low,40
2,2,8,clear,moderate,46
1,1,6,clear,high,54
1,1,12,clear,moderate,41
1,1,20,rainy,low,45
2,2,12,clear,low,41
1,1,21,cloudy,moderate,40
1,1,8,clear,low,36
1,1,8,cloudy,low,37
2,2,14,rainy,low,50
2,2,9,rainy,moderate,51
1,1,13,cloudy,moderate,39
1,1,6,rainy,high,64
1,1,10,clear,moderate,35
1,1,14,cloudy,moderate,47
1,1,14,clear,high,52
2,2,20,clear,high,52
1,1,10,clear,low,37
2,2,7,cloudy,high,56
1,1,9,rainy,low,45
2,2,11,cloudy,high,58
1,1,19,clear,high,51
1,1,7,cloudy,low,42
1,1,6,rainy,moderate,46
2,2,18,rainy,low,50
1,1,9,rainy,low,41
2,2,12,rainy,high,63
2,2,12,clear,high,60
1,1,9,cloudy,moderate,49
2,2,15,cloudy,moderate,53
2,2,15,cloudy,moderate,52
1,1,16,rainy,moderate,52
2,2,11,cloudy,low,49
2,2,15,clear,low,44
1,1,13,clear,low,32
1,1,18,rainy,moderate,53
1,1,9,clear,high,46
1,1,13,cloudy,high,48
1,1,19,rainy,high,61
2,2,21,rainy,moderate,57
2,2,14,clear,high,52
1,1,18,clear,low,33
1,1,20,clear,moderate,40
1,1,21,rainy,moderate,47
2,2,14,rainy,moderate,54
1,1,20,rainy,moderate,52
1,1,19,rainy,high,51
2,2,18,clear,low,41
2,2,19,rainy,moderate,61
1,1,13,rainy,low,39
1,1,6,clear,low,33
1,1,20,rainy,high,56
2,2,9,clear,high,61
1,1,18,cloudy,low,39
1,1,9,clear,high,51
1,1,19,cloudy,low,39
2,2,19,clear,moderate,45
2,2,14,cloudy,low,44
2,2,13,cloudy,high,61
2,2,18,clear,moderate,50
2,2,17,rainy,low,52
2,2,12,cloudy,high,58
2,2,21,rainy,high,67
1,1,13,clear,moderate,39
2,2,16,rainy,high,68
2,2,12,rainy,moderate,52
1,1,21,clear,low,37
2,2,13,clear,low,41
2,2,14,clear,high,56
2,2,6,cloudy,low,43
2,2,21,rainy,moderate,51
1,1,7,rainy,moderate,50
2,2,19,clear,low,39
2,2,15,rainy,moderate,58
1,1,8,clear,high,45
1,1,19,cloudy,low,34
2,2,15,rainy,low,49
1,1,13,rainy,high,54
1,1,15,clear,low,33
1,1,21,rainy,high,57
1,1,6,rainy,high,61
1,1,20,cloudy,moderate,40
2,2,19,cloudy,moderate,48
1,1,21,clear,moderate,43
2,2,16,cloudy,low,43
1,1,20,rainy,high,61
1,1,7,cloudy,moderate,47
1,1,13,rainy,moderate,47
1,1,9,cloudy,moderate,43
1,1,14,rainy,high,62
2,2,10,rainy,low,55
1,1,14,clear,moderate,40
2,2,21,cloudy,high,56
2,2,18,rainy,moderate,56
2,2,18,clear,moderate,50
1,1,16,rainy,low,43
2,2,10,clear,high,54
1,1,18,clear,moderate,39
2,2,21,cloudy,high,61
1,1,13,clear,high,52
1,1,15,cloudy,high,49
2,2,19,clear,moderate,46
2,2,8,cloudy,high,52
1,1,14,rainy,high,53
1,1,17,rainy,moderate,45
2,2,18,cloudy,moderate,49
1,1,15,rainy,high,61
2,2,21,rainy,low,48
1,1,14,cloudy,moderate,43
1,1,20,cloudy,high,51
2,2,16,cloudy,low,42
1,1,14,clear,high,49
2,2,8,rainy,high,61
1,1,8,cloudy,high,54
2,2,14,cloudy,low,45
2,2,6,clear,high,53
1,1,15,cloudy,low,41
1,1,21,clear,low,34
1,1,17,cloudy,low,39
1,1,19,rainy,high,57
2,2,17,clear,moderate,46
2,2,14,cloudy,high,53
2,2,6,clear,high,55
2,2,12,clear,low,45
1,1,10,cloudy,low,36
1,1,11,clear,high,50
1,1,13,clear,low,34
1,1,19,rainy,low,44
1,1,9,rainy,moderate,53
1,1,6,cloudy,low,38
2,2,20,rainy,high,65
2,2,14,cloudy,low,41
2,2,9,rainy,high,65
2,2,20,clear,moderate,50
1,1,17,rainy,moderate,52
2,2,8,clear,low,45
1,1,7,cloudy,high,49
1,1,15,rainy,moderate,51
1,1,21,cloudy,high,49
1,1,14,rainy,high,57
2,2,14,cloudy,high,62
2,2,11,cloudy,moderate,47
2,2,6,clear,low,44
1,1,17,rainy,moderate,50
2,2,11,cloudy,high,49
1,1,20,rainy,moderate,53
1,1,9,cloudy,low,38
2,2,18,cloudy,high,51
1,1,14,rainy,low,45
1,1,11,clear,moderate,43
1,1,7,cloudy,high,47
2,2,18,clear,moderate,49
1,1,20,rainy,low,43
2,2,18,clear,low,42
2,2,11,cloudy,moderate,52
1,1,10,cloudy,high,49
1,1,10,rainy,low,43
2,2,16,rainy,high,73
2,2,15,clear,moderate,50
1,1,20,rainy,high,53
2,2,18,rainy,low,49
1,1,21,rainy,high,57
2,2,11,clear,moderate,47
2,2,15,rainy,high,61
2,2,16,cloudy,high,63
1,1,10,cloudy,high,50
1,1,8,rainy,moderate,51
2,2,8,cloudy,moderate,54
2,2,12,clear,moderate,45
2,2,10,clear,low,40
1,1,10,cloudy,high,53
1,1,11,clear,high,55
2,2,15,rainy,high,66
1,1,20,rainy,moderate,50
2,2,12,rainy,high,66
2,2,17,clear,high,60
1,1,20,rainy,low,41
2,2,20,clear,low,45
2,2,13,clear,moderate,48
2,2,9,clear,low,41
1,1,21,clear,low,34
2,2,14,rainy,high,53
1,1,15,cloudy,high,51
1,1,20,clear,low,35
2,2,13,cloudy,high,62
2,2,19,clear,high,53
1,1,6,cloudy,moderate,44
2,2,14,clear,high,55
1,1,16,rainy,low,44
2,2,21,cloudy,moderate,52
1,1,15,clear,high,47
1,1,18,clear,moderate,41
1,1,7,cloudy,low,37
1,1,18,rainy,moderate,54
2,2,8,cloudy,moderate,51
2,2,9,cloudy,low,44
2,2,20,rainy,moderate,59
1,1,7,cloudy,moderate,46
2,2,20,rainy,high,55
1,1,18,clear,high,47
1,1,8,cloudy,moderate,43
2,2,6,rainy,moderate,52
2,2,14,cloudy,low,48
2,2,8,cloudy,moderate,45
2,2,17,clear,high,57
2,2,17,rainy,low,52
1,1,21,clear,low,38
2,2,8,rainy,high,63
2,2,10,cloudy,moderate,50
1,1,11,rainy,moderate,52
1,1,11,clear,high,44
1,1,12,rainy,high,52
2,2,11,cloudy,high,61
2,2,7,cloudy,low,40
1,1,15,cloudy,moderate,44
1,1,7,cloudy,moderate,41
2,2,10,rainy,moderate,56
2,2,17,cloudy,moderate,53
1,1,13,rainy,low,44
1,1,11,rainy,moderate,53
2,2,20,clear,low,42
2,2,20,clear,low,42
2,2,21,clear,low,41
1,1,17,clear,moderate,38
1,1,15,rainy,low,42
2,2,18,cloudy,moderate,44
2,2,18,cloudy,moderate,49
1,1,21,clear,high,51
1,1,15,rainy,high,55
2,2,6,cloudy,high,63
1,1,21,rainy,high,59
1,1,18,cloudy,low,37
1,1,6,clear,high,42
2,2,19,clear,moderate,48
1,1,16,cloudy,low,38
2,2,16,rainy,low,55
2,2,15,cloudy,moderate,47
2,2,21,cloudy,low,45
2,2,17,rainy,low,53
1,1,14,rainy,high,54
1,1,13,cloudy,moderate,39
1,1,19,cloudy,low,33
2,2,11,clear,high,49
2,2,15,rainy,high,61
1,1,7,cloudy,high,55
1,1,15,clear,moderate,39
2,2,20,cloudy,high,55
2,2,11,rainy,low,47
2,2,16,cloudy,low,45
1,1,19,clear,high,53
2,2,21,cloudy,low,42
1,1,14,rainy,moderate,52
1,1,9,rainy,high,53
1,1,15,rainy,high,55
1,1,10,clear,low,35
2,2,12,rainy,high,73
1,1,9,cloudy,moderate,42
1,1,20,cloudy,high,46
1,1,20,cloudy,high,49
1,1,20,cloudy,moderate,43
1,1,8,rainy,moderate,46
2,2,21,cloudy,low,40
2,2,19,clear,low,45
2,2,10,rainy,moderate,58
1,1,6,cloudy,moderate,43
2,2,13,cloudy,high,62
2,2,9,clear,moderate,48
2,2,8,cloudy,low,42
1,1,7,rainy,high,53
1,1,15,cloudy,low,34
2,2,10,cloudy,high,55
